,Site,Technologies,Year,PV Size,Battery Size,Wind Size,Fuel Cell Size,Electrolyser Size,Hydrogen Store Size,LCOE,Renewable Penetration %,Generated Energy Used %,Hydrogen Share %,Hyrdrogen Breakeven Cost,PV Cost,Wind Cost,Battery Cost,Fuel Cell Cost,Electrolyzer Cost,H2 Store,Diesel Cost,PV Energy,Wind Energy,Battery Energy,Hydrogen Energy,Diesel Energy,Curtailed Energy,Total Demand
0,SITE_1,D,2015,0.0,0.0,0.0,0.0,0.0,0.0,58.89877206696275,-5.278763304612269,100.0,0.0,10.0,0.0,0.0,0.0,0.0,0.0,0.0,57.43034675552506,0.0,0.0,0.0,0.0,30326390.0,0.0,28805800.0
1,SITE_1,S+D,2015,7441.048975164145,0.0,0.0,0.0,0.0,0.0,45.525055517590275,26.55635018615955,92.45298982719865,0.0,10.0,6.933501872720678,0.0,0.0,0.0,0.0,0.0,37.18728381195249,10555851.816581037,0.0,0.0,0.0,21156030.878075253,2173976.6563568115,28805800.0
2,SITE_1,B+S+D,2015,16887.303545663428,41231.82518251398,0.0,0.0,0.0,0.0,37.906177742528804,86.9586718915731,91.23499379761155,0.0,10.0,17.07553168766771,0.0,9.962304137229134,0.0,0.0,0.0,9.344478590394047,12955877.661904093,0.0,12510582.932699164,0.0,3756658.8922572364,2524830.1566476105,28805800.0
3,SITE_1,W+B+S+D,2015,6207.0150762950325,15112.83857190898,6276.005115166334,0.0,0.0,0.0,29.95691761597896,82.87087995503502,73.91398612277195,0.0,10.0,6.25205363466601,7.549400574847596,3.637468565694618,0.0,0.0,0.0,10.999994088280166,8047492.785498577,11823525.154970953,4530783.250801248,0.0,4934180.061912523,7514284.98544656,28805800.0
